id,title,artist,album,genre,difficulty,length,year
9448c31dd5a3beb4c23e5eeaede4f8b3,"Metropolis—Part I: ""The Miracle and the Sleeper""",Dream Theater,Images and Words,Prog,6,573,1992
cfe03ac1e3fb0afe05ca5216d822c124,Dead Black (Heart of Ice),Soul Remnants,Black & Blood,Metal,6,481,2013
45271f95863ac491f0b38a8eb1410fd3,Halls of Valhalla,Judas Priest,Redeemer of Souls,Metal,6,361,2014
0f0c35446a8e6eb6d98a86cf3194db37,Miracle Man,Ozzy Osbourne,No Rest for the Wicked,Metal,5,228,1988
54082d58f471acaee83ce9c283ebf935,Hour of Rats,The Red Chord,Fed Through the Teeth Machine,Metal,6,166,2009
145a04af0045c9c0c29267f97c655228,Panama,Van Halen,1984,Rock,5,214,1984
4ded93960893b145531b9a214fc07ffb,Cedarwood Road,U2,Songs of Innocence,Rock,0,270,2014
771d73fd292629f706fcd4dd6efd0f3b,At Night in Dreams,White Denim,Corsicana Lemonade,Indie Rock,5,247,2013
832116a826acf2c8eab798af76cf1e05,I Will Follow,U2,Boy,Rock,0,218,1980
820b49213f1933e4031eae655008ef41,Brown Eyed Girl,Van Morrison,Blowin' Your Mind!,R&B/Soul/Funk,3,188,1967
a7a63c4c5d452fed26f6a7e84593957e,Light Up the Night,The Protomen,Act II: The Father of Death,Rock,2,254,2009
541aa4ec9b777b89b9920260f67a4ac9,Free Falling,The Warning,Escape the Mind,Rock,0,237,2015
0b0818bc1848e1c99a1d5293c10190ec,The Seeker,The Who,Meaty Beaty Big and Bouncy,Classic Rock,4,201,1971
5a28b45e5656ecd5caaf53b16678ce3c,Your Love,The Outfield,Play Deep,Pop-Rock,3,215,1985
97faded79cb0539596112b8177d8613c,Pistol Whipped,Tijuana Sweetheart,Under the Gun,Punk,5,151,2012
d13cd7801b9f4ce6fcdbddb35fdf46b8,The Impression That I Get,The Mighty Mighty Bosstones,Let's Face It,Reggae/Ska,4,196,1997
c79c156bf09d7eacd6e67dc387377ea3,Somebody Told Me,The Killers,Hot Fuss,Alternative,3,201,2004
4d530d730a4ddb5e2e189de21461a803,Friday I'm in Love,The Cure,Wish,New Wave,2,215,1992
a1d811db16a069a01392aa8b45123887,Fever,The Black Keys,Turn Blue,Rock,0,250,2014
c3cca53d0ca56aba1b47f5b4d4c39027,Milwaukee,The Both,The Both,Pop-Rock,5,263,2014
d461b4bcd1186802a7770aa3be904d35,Superunknown,Soundgarden,Superunknown,Grunge,6,312,1994
9b4ff66421a407dde61e4e658a6e5252,Little Miss Can't Be Wrong,Spin Doctors,Pocket Full of Kryptonite,Alternative,5,236,1991
f9c6ea361a16b3db7b70ceca6835eb69,Spiders,System of a Down,System of a Down,Nu-Metal,1,222,1998
d8b27c24c6bd65198304706c2fd9f76d,Light the Fuse,Slydigs,Light the Fuse - Single,Rock,3,246,2015
686b9e5c59eb4012e10db29f637bf15b,The Warrior,Scandal,Warrior,Rock,1,248,1984
d1e238ab6c71e917c2837aa6eec90914,No One Like You,Scorpions,Comeblack,Metal,5,250,2011
a9569a85e17e7d250ca367c3098be56e,Birth in Reverse,St. Vincent,St. Vincent,Indie Rock,4,201,2014
38f213546a518623e35992f8f229053d,"Rock and Roll, Hoochie Koo",Rick Derringer,All American Boy,Classic Rock,6,227,1973
7de132fbfde8e490ea65eb073c1ed254,A Passage to Bangkok,Rush,2112,Prog,4,215,1976
9a237338cf081c018cb17819d4fc783c,The One I Love,R.E.M.,Document,Alternative,0,200,1987
03179bf31ebf064c7b5110ae53ffdaaf,That Smell,Lynyrd Skynyrd,Street Survivors,Southern Rock,6,347,1977
43eab1130a7e96e79448d6e3e71be3cb,Uptown Funk (feat. Bruno Mars),Mark Ronson,Uptown Special,R&B/Soul/Funk,1,275,2015
a2ed4cf6fa1c63be5573a4a5e5b4497a,Still Into You,Paramore,Paramore,Pop-Rock,1,212,2013
18c87a9a51d05e839dd9f33801b0b083,My God Is the Sun,Queens of the Stone Age,...Like Clockwork,Alternative,3,224,2013
74ad4128835e3a3077d46e259bfd0265,The Wolf,Mumford & Sons,Wilder Mind,Rock,0,221,2015
1c1a1e898c1a71699dd5a14690b3ae15,Dream Genie,Lightning Bolt,Fantasy Empire,Rock,6,386,2015
e07249f41c2666cba1c477423252d772,Turn it Around,Lucius,Wildewoman,Indie Rock,0,215,2013
e401404255b1d4bef7823d3fd43ffab4,Cold Clear Light,Johnny Blazes and The Pretty Boys,Soul Vernacular,R&B/Soul/Funk,4,277,2015
3c9098651cad48f5938ce5fe1b84192a,Little White Church,Little Big Town,The Reason Why,Country,1,190,2010
54d543eae305a3154f84c04db55694b5,All Over You,Live,Throwing Copper,Alternative,2,242,1994
0663dba60cca9270a896221a9cc7bac9,Recession (feat. Noelle LeBlanc and Naoko Takamoto),Jeff Allen,Amplitude (Original Soundtrack),Pop/Dance/Electronic,5,228,2015
6fa10ed5dbb981ceddc0771d147538c8,Lazaretto,Jack White,Lazaretto,Rock,4,222,2014
5228efc153620e1363e7797260be7c74,Follow You Down,Gin Blossoms,Congratulations I'm Sorry,Alternative,2,270,1996
3971ef2866a62ec74d5c7bef230c11ba,I Bet My Life,Imagine Dragons,Smoke + Mirrors,Alternative,3,196,2015
dbd5289b54e2a42a8093089cf91af663,I Am Electric,Heaven's Basement,Filthy Empire,Rock,1,184,2013
769691d3e3fee603808330f2bedf711d,I Miss the Misery,Halestorm,The Strange Case Of...,Rock,2,188,2012
fe81a07d172d982dcaeb0bf5a191e01b,Suspicious Minds,Elvis Presley,The Memphis 1969 Anthology: Suspicious Minds,Rock,4,270,1969
b05fd5b9cc588d2091f4e8d4b9fbf9cf,Tongue Tied,Grouplove,Never Trust a Happy Song,Indie Rock,1,220,2011
661a567acf69d8ac71397ac7503003ea,Ain't Messin 'Round,Gary Clark Jr.,Blak and Blu,Rock,4,247,2012
f3e1f101c548a2504bbc6dbf457c18bd,The Feast and the Famine,Foo Fighters,Sonic Highways,Alternative,2,233,2014
56991ac76a3b077a8362cf608396b0bf,Centuries,Fall Out Boy,American Beauty/American Psycho,Pop-Rock,0,231,2015
908605a440e507b425d1b743de7bdeb6,Kick It Out,Heart,Little Queen,Classic Rock,3,165,1977
630b0fcc89ef19a2d7b87c1666e8d28d,You Make Loving Fun,Fleetwood Mac,Rumours,Classic Rock,2,221,1977
cfc90e267af275b4082f9a8c97a816c3,Albert,Eddie Japan,Albert - Single,Indie Rock,2,252,2015
9428040e0b01d32397111fa1631873f9,What's Up?,4 Non Blondes,"Bigger, Better, Faster, More!",Alternative,0,297,1992
54314642c884ed2bb2a9ef90d09fd85a,Hail to the King,Avenged Sevenfold,Hail to the King,Metal,6,307,2013
258c12c430cad9fff9d30a66e7d529f5,Start a Band (feat. Keith Urban),Brad Paisley,Play: The Guitar Album,Country,6,304,2008
937dff05445d0eb4653842c78b089652,V-Bomb,Dark Wheels,Mighty Sky,Rock,1,277,2016
f35df2d5e96ba7aac348cb7cf1a99921,Caught Up in You,.38 Special,Special Forces,Southern Rock,6,294,1982
35d5235a4deb067f544db0bf918c73fc,Mainstream Kid,Brandi Carlile,The Firewatcher's Daughter,Blues,5,262,2015
637edf7ebe4c39611cc276986ef41ac2,Short Skirt/Long Jacket,Cake,Comfort Eagle,Alternative,2,204,2001
39278a306f42699f61e6a01406b25dbc,Prayer,Disturbed,Believe,Nu-Metal,3,225,2002
f948bdd138c66fbd2d3bdca86ff84a9d,Violent Shiver,Benjamin Booker,Benjamin Booker,Rock,3,171,2014
f3ed5d205a7fcdce47989384929f0514,Toys in the Attic,Aerosmith,Toys in the Attic,Rock,5,191,1975
46435d347af08813495b658334808e97,Arabella,Arctic Monkeys,AM,Rock,1,211,2013
7f4d8eef9492c528594a6e64dc847ba6,Knock Em Down,Duck & Cover,Duck & Cover,Punk,4,155,2014
042b255a7fab31fbb6d5b7b86581435f,Black Corridor,Worshipper,Shadow Hymns,Metal,5,241,2016
4590a34f8a28546a8610583a22fc78f9,Constant Disaster,When Particles Collide,Photoelectric,Alternative,2,268,2014
4256910321609c191c46c20814556e48,S.O.M.P.,Skratch'N Snyf,Arkade of Dreams,Glam,6,278,1990
ee75f1096864256bbe7a7bd3adfd7afb,Alone Time,Tigerman WOAH,"Boston Sessions, Vol. 1: Beast",Rock,3,222,2016
25c569bfaecb69df05d823079e94949f,Skydiver,Ruby Rose Fox,"Boston Sessions, Vol. 1: Beast",Indie Rock,4,226,2016
d751fefc91772bb0150e08a61b406efa,Pain Killer,Ruby Rose Fox,Domestic,Indie Rock,2,213,2016
640e90b41dc7f62405d14d929d3443cf,"Closer, Closer",The Warning Shots,Tonight!,Punk,5,182,2017
9eca7f331a4a5580c843b0080a823771,Good,STL GLD,"Boston Sessions, Vol. 1: Beast",Hip-Hop/Rap,0,190,2016
37db9604d5f28b83a2bf539d5149c13f,These Hands,Bent Knee,"Boston Sessions, Vol. 1: Beast",Indie Rock,2,337,2016
5843a4881610695e48f7627158bf38c6,I Recognize,Newfane,Wellness Center,Alternative,5,338,2016
c9a31bfd92428a71a539b070c8cb0a38,True Confessional,Party Bois,True Confessional / Hit the Coast - Single,Pop/Dance/Electronic,2,198,2016
df13f8c1518b0826a4b9d335165d30ab,Mean Girls,Petty Morals,"F*ck You, Let's Party",Pop-Rock,2,147,2017
dbf8ac55d020151dd6ef53296d9a5313,Never Let 'Em Hold Ya Back!,Parlour Bells,Waylaid in the Melée,Glam,3,293,2017
23bcbadb3a17abdffaa7faab18bc0cd5,Bethany,Goddamn Draculas,Bethany - Single,Rock,3,251,2015
d21f480d5aba1bdbdc116a0764622880,History Repeats,Creaturos,"Boston Sessions, Vol. 1: Beast",Rock,1,230,2016
72ef404187080393767d239bd6f7a26e,Shadow,Bearstronaut,Telecoast,Pop-Rock,3,211,2016
41222621ffa7c13586fcd239ee5e7ba3,RudeBoys,Dutch ReBelle,"Boston Sessions, Vol. 1: Beast",Hip-Hop/Rap,1,219,2016
3ff7aec7c46d476e66b0f54cf2bb8141,Casablanca,Littlefoot,"Boston Sessions, Vol. 1: Beast",Indie Rock,1,203,2016
732562b5afa5d10572e57a33ba49f578,Hurry Up (& Wait for You),Julie Rhodes,"Boston Sessions, Vol. 1: Beast",Indie Rock,2,187,2016
534d2ca9c55e1322baf3d7253c7eb6fe,Sink,Animal Flag,"Boston Sessions, Vol. 1: Beast",Indie Rock,3,200,2016
f45cba34bcb7d86ced59cf122698f31b,Cross That Line,Michael Christmas,"Boston Sessions, Vol. 1: Beast",Hip-Hop/Rap,0,177,2016
e5ce96e66e71231d48c82a2f7804dc23,Black Streak,Nemes,I Carry Your Heart,Indie Rock,4,146,2014
a96dd207ab692d164cee696e3350af14,No Place for Me,Black Beach,"Boston Sessions, Vol. 1: Beast",Rock,2,117,2016
37ed3973496e6e5fd3dba47fcb558e0b,"Unsung (Sep 3, 2005 Prototype)",Helmet (WaveGroup),Meantime,Alternative Metal,-1,0,1992
2d549c89e15d12eeba1e296c336afa84,"Take Me Out (Sep 3, 2005 Prototype)",Franz Ferdinand (WaveGroup),Franz Ferdinand,Post-Punk Revival,-1,0,2004
bbd85a4ea371001dc48100e51db54f70,"Smoke On The Water (Sep 3, 2005 Prototype)",Deep Purple (WaveGroup),Machine Head,Hard Rock,-1,0,1972
2d2682570b906322d9f4f679e32cbd34,"Ziggy Stardust (Sep 3, 2005 Prototype)",David Bowie (WaveGroup),The Rise and Fall of Ziggy Stardust and the Spiders from Mars,Glam Rock,-1,0,1972
80d049a5ea8ab475e97f63834d7d3aa0,"Crossroads (Sep 3, 2005 Prototype)",Cream (WaveGroup),Wheels of Fire,Hard Rock,-1,0,1968
9b3d1fbb2391c5873c0bbc5a3d344648,"Heart Full of Black (Sep 3, 2005 Prototype)",Burning Brides (WaveGroup),Leave No Ashes,Hard Rock,-1,0,2004
b81843f813ca0ffcf523918a3be6d12b,"Thunderkiss 65 (Sep 3, 2005 Prototype)",White Zombie (WaveGroup),La Sexorcisto: Devil Music Volume One,Alternative Rock,-1,0,1992
66bc54a208836589a7f01104e8cbc2fa,"Spanish Castle Magic (Sep 3, 2005 Prototype)",Jimi Hendrix (WaveGroup),Axis: Bold as Love,Hard Rock,-1,0,1967
f4080ad165bbf17116d9b190268f7cb2,"Hey You (Sep 3, 2005 Prototype)",The Exies (WaveGroup),Head for the Door,Post-Grunge,-1,0,2004
c61e2132c8a09f4c7eebd10bc3b8a3ef,"Frankenstein (Sep 3, 2005 Prototype)",The Edgar Winter Group (WaveGroup),They Only Come Out at Night,Instrumental Rock,-1,0,1972
cdb2c8e1060b7b16903214d825db8d65,"Take It Off (Sep 3, 2005 Prototype)",The Donnas (WaveGroup),Spend the Night,Hard Rock,-1,0,2002
d4a0903f619714ff57dad927c4f79e24,"Fat Lip (Sep 3, 2005 Prototype)",Sum41 (WaveGroup),All Killer No Filler,Pop Punk,-1,0,2001
038498bbf75ac7f3cfa01c61e06a64f8,"Texas Flood (Sep 3, 2005 Prototype)",Stevie Ray Vaughan (WaveGroup),Texas Flood,Texas Blues,-1,0,1983
b7009ac13d7e0e550ce050c15e7d1cfd,"Higher Ground (Sep 3, 2005 Prototype)",Red Hot Chili Peppers (WaveGroup),Mother's Milk,Funk Metal,-1,0,1989
1a800d8e42a788f146d967acf1c50c0c,"I Wanna Be Sedated (Sep 3, 2005 Prototype)",The Ramones (WaveGroup),Road to Ruin,Punk Rock,-1,0,1978
a2a8b55c0236190fe97842dd9f3ec400,"No One Knows (Sep 3, 2005 Prototype)",Queens of the Stone Age (WaveGroup),Songs for the Deaf,Stoner Rock,-1,0,2002
5bc73f05218bdc75a0a8b8c05d7141ab,"Killer Queen (Sep 3, 2005 Prototype)",Queen (WaveGroup),Sheer Heart Attack,Art Pop,-1,0,1974
272973e843dfb8517451495b642311f1,"Cowboys from Hell (Sep 3, 2005 Prototype)",Pantera (WaveGroup),Cowboys from Hell,Groove Metal,-1,0,1990
f8244a276565a37c6147ff4f3a092cce,"Bark at the Moon (Sep 3, 2005 Prototype)",Ozzy Osbourne (WaveGroup),Bark at the Moon,Heavy Metal,-1,0,1983
7c0b2771cc9845060b001571eb461932,"Ace Of Spades (Sep 3, 2005 Prototype)",Motorhead (WaveGroup),Ace of Spades,Speed Metal,-1,0,1980
52e897636e6e15c3420df0a0fa0050a3,"Symphony Of Destruction (Sep 3, 2005 Prototype)",Megadeth (WaveGroup),Countdown to Extinction,Heavy Metal,-1,0,1992
344b34dddb76f1bd2a8f3478d3c5c81d,"You Got Another Thing Comin' (Sep 3, 2005 Prototype)",Judas Priest (WaveGroup),Screaming for Vengeance,Heavy Metal,-1,0,1982
ac03d4078cd1dd4a1bf3121291b26adf,"I Love Rock & Roll (Sep 3, 2005 Prototype)",Joan Jett (WaveGroup),I Love Rock 'n Roll,Hard Rock,-1,0,1981
a22d851eded988d7db87455ff871b6be,"Stellar (Sep 3, 2005 Prototype)",Incubus (WaveGroup),Make Yourself,Space Rock,-1,0,1999
23ef375a75031707ab5f2deef4cb76ba,"More Than A Feeling (Sep 3, 2005 Prototype)",Boston (WaveGroup),Boston,Arena Rock,-1,0,1976
be744df0059988ce77e44f22cf96cd92,"Godzilla (Sep 3, 2005 Prototype)",Blue Oyster Cult (WaveGroup),Spectres,Heavy Metal,-1,0,1977
1790f7c4bab9b38f88e9b9a9b39cf61d,"Iron Man (Sep 3, 2005 Prototype)",Black Sabbath (WaveGroup),Paranoid,Heavy Metal,-1,0,1970
cff8907c1c7baafc9575c156a3719ed7,"Infected (Sep 3, 2005 Prototype)",Bad Religion (WaveGroup),Stranger than Fiction,Punk Rock,-1,0,1994
875bed994fccb1d0f9984cd4710e6152,"Cochise (Sep 3, 2005 Prototype)",Audioslave (WaveGroup),Audioslave,Hard Rock,-1,0,2002
7a0823cb9107249748cb00f6ceb642fc,"Sharp Dressed Man (Sep 3, 2005 Prototype)",ZZ Top (WaveGroup),Eliminator,Synth-Pop,-1,0,1983
fa7bc1908fb8d4ac7a7ad4a63cc554a0,"Advanced Harmony: Final Project (Sep 3, 2005 Prototype)",Andy Buch,"Guitar Hero (Sep 3, 2005 Prototype)",Rock,-1,0,2005
6bcf98b47c391a6c8c0b0a843f6d7d66,"Behind The Mask (Sep 3, 2005 Prototype)",Anarchy Club,The Way and Its Power,Alternative Metal,-1,0,2005
3a6615d4ab0e59487516b47700149051,"Eureka, I've Found Love (Sep 3, 2005 Prototype)",The Upper Crust,Once More Into The Breeches,Rock,-1,0,2001
d251554e4228edf1293f8b18132d32a8,"Even Rats (Sep 3, 2005 Prototype)",The Slip,Eisenhower,Indie Rock,-1,0,2005
a8bb4790856b5b38f2f535c17e3cbfb6,"Story of My Love (Sep 3, 2005 Prototype)",The Model Sons,Story of My Love,Rock,-1,0,2004
726ea90145f70e7187ae3c992c3019ae,"Caveman Rejoice (Sep 3, 2005 Prototype)",The Bags,Sharpen Your Sticks,Hard Rock,-1,0,2005
74704c6a5c4da9eb75b4e793d0717ddf,"Callout (Sep 3, 2005 Prototype)",The Acro-Brats,...Go Down Swinging!,Punk,-1,0,2005
f26a9d74c68b53099812407081616670,"All of This (Sep 3, 2005 Prototype)",Shaimus,Paper Sun,Rock,-1,0,2005
ba9a457cd2c8c995cbe927e5c7302465,"Guitar Hero (Sep 3, 2005 Prototype)",Monkey Steals The Peach,"Guitar Hero (Sep 3, 2005 Prototype)",Rock,-1,0,2005
0bb9ee3ea0f2d66971359a0a3afef6ed,"Farewell Myth (Sep 3, 2005 Prototype)",Made In Mexico,Zodiac Zoo,Rock,-1,0,2005
03fae8caebdf0106a3fac33a61bad5c3,"Hey (Sep 3, 2005 Prototype)",Honest Bob and the Factory-to-Dealer Incentives,Second and Eighteen,Rock,-1,0,2004
e99030a260869723ffda00c68654db30,"Graveyard Shift (Sep 3, 2005 Prototype)",Gurney,"Guitar Hero (Sep 3, 2005 Prototype)",Rock,-1,0,2005
acb9b157fdf682a648825a8435747472,"Cheat on the Church (Sep 3, 2005 Prototype)",Graveyard BBQ,Greatest Hits Volume I,Metal,-1,0,2005
09c0ab88b3d7b70cf75ea4c2e926ad93,"Get Ready 2 Rokk (Sep 3, 2005 Prototype)",Freezepop,Freezepop Forever,Synthpop,-1,0,2000
2b00350d80cc2431de7fdf5d28d3a0dd,"Decontrol (Sep 3, 2005 Prototype)",Marcus Drist,Orchids and Ammunition,Rock,-1,0,2005
923dd8fa02a26ff579be8b67a07a0d61,"Fly On The Wall (Sep 3, 2005 Prototype)",Din,Longhair Music,Rock,-1,0,2005
cab52d5b0647c43cf1647f516b9591b1,"Sail Your Ship By (Sep 3, 2005 Prototype)",Count Zero,Little Minds,Rock,-1,0,2005
29f09215a1c1e27ae66650dc2e04c8e8,"Fire It Up (Sep 3, 2005 Prototype)",Black Label Society,Mafia,Heavy Metal,-1,0,2005
554412636f7de797acdef780f0805a8e,"Breaking Wheel (Sep 3, 2005 Prototype)",Artillery,Breaking Wheel,Metal,-1,0,2005
e2f8926e4b0b1a2eca3771d8d70681a2,Free Fallin',Tom Petty,Full Moon Fever,Classic Rock,1,265,1989
02204f29046626f53035a3c1124a2063,Valerie,The Zutons,Tired of Hanging Around,Pop/Rock,2,242,2006
d126c5f1cab730916ab02e71e648f36e,Check Yes Juliet,We the Kings,We the Kings,Emo,1,223,2007
aca3794bef48b8656a7f0af10c6c71f3,Every Little Thing She Does Is Magic,The Police,Ghost in the Machine,Pop/Rock,2,268,1981
7e41ff871a0a6dcf717bb4f42437ede8,Crash,The Primitives,Lovely,Pop/Rock,2,163,1988
000a1d3026e809111c7a0dff18696a0b,Naive,The Kooks,Inside In/Inside Out,Indie Rock,3,207,2006
caa1838a3e9cbe05ab92f10a6c1a69dd,A-Punk,Vampire Weekend,Vampire Weekend,Rock,3,140,2008
398dec99ae63252aa05d80c574e0cc74,Short and Sweet,Spinal Tap,Back from the Dead,Rock,4,398,2009
90f57f2047948806e9717f0efdeb46e1,Monster,The Automatic,Not Accepted Anywhere,Alternative,3,227,2006
b399d0db3051722537051b92503dd4f5,Tick Tick Boom,The Hives,The Black and White Album,Punk,2,205,2007
9ba5e1d2c12f32343b8e2b189ae84a70,"Swing, Swing",The All-American Rejects,The All-American Rejects,Emo,0,240,2003
6ae2c7face6b41ead8c95acb89c1d4ec,I Want You Back,The Jackson 5,Diana Ross Presents The Jackson 5,Pop/Rock,3,204,1969
d5d695b7640747496892e48dc4fc618d,Fire,The Jimi Hendrix Experience,Are You Experienced,Classic Rock,4,166,1967
3b3f76fe6bed6d7ea86a555f200d128d,Two Princes,Spin Doctors,Pocket Full of Kryptonite,Alternative,3,269,1991
9a3453507c06fd041b72ba7da528b612,Dreaming of You,The Coral,The Coral,Indie Rock,1,140,2002
97016a2c7811f96ba3e0289a856322a2,In Too Deep,Sum 41,"All Killer, No Filler",Punk,4,211,2001
30b64f610c460840d883f9da93871710,Make Me Smile (Come Up and See Me),Steve Harley & Cockney Rebel,The Best Years of Our Lives,Rock,2,248,1975
08844645d49267f8b4ee9785bcd0665c,Ghostbusters,Ray Parker Jr.,Ghostbusters: Original Soundtrack,Pop/Rock,3,245,1984
83fc00f0f1a534b0f09167d6d4e80ea7,Grace,Supergrass,Life on Other Planets,Alternative,2,152,2002
1b30684f545255a316143ef6bf451cfe,Ride a White Swan,T. Rex,Bolan Boogie,Glam,3,147,1972
01303a8b4ff5e3a81a2706ef6ea9801b,Stumble and Fall,Razorlight,Up All Night,Rock,3,188,2004
9b267cd8c9abf60d7f037717258b28f1,Life Is a Highway,Rascal Flatts,Me and My Gang,Country,3,254,2006
ae920418e0997e9b51e413999b334d37,Walking on Sunshine,Katrina and the Waves,Walking on Sunshine,Pop/Rock,2,236,2004
d89105e817cd1736bd10bdbf4a1a604e,The Passenger,Iggy Pop,Lust for Life,Rock,2,291,1977
1122686c6af97fb2c69b6608cf14161c,So What,P!nk,Funhouse,Pop/Rock,2,218,2008
507562b7abbb51121c95dff2632c8696,We Are the Champions,Queen,News of the World,Classic Rock,1,185,1977
2fc56ecca90a03c6ec844e965d5a21aa,Rooftops (A Liberation Broadcast),Lostprophets,Liberation Transmission,Rock,2,250,2006
e38f3c988b1f197a0c66c8b6b77b480c,Dig,Incubus,Light Grenades,Alternative,2,262,2006
a17dd41cb6157d2fdb8d1b804378c970,Ruby,Kaiser Chiefs,"Yours Truly, Angry Mob",Indie Rock,2,208,2007
631c39ef88d2b11022861b38309f2fc8,We Will Rock You,Queen,News of the World,Classic Rock,0,126,1977
e0d2ee7ffc967b09673b589f4d3bb663,Suddenly I See,KT Tunstall,Eye to the Telescope,Rock,3,204,2004
e856b8f1ccb09fc19c7824514263c80f,The Final Countdown,Europe,The Final Countdown,Metal,5,305,1986
d03fdeafe63374d30544845998168d4c,Word Up!,KoRn,"Greatest Hits, Vol. 1",Nu Metal,2,165,2004
46121e13537612258b6c78ae55969294,Let's Dance,David Bowie,Let's Dance,Glam,1,294,1984
74537729eabbf7c93c619e9ab777e1ea,You Give Love a Bad Name,Bon Jovi,Slippery When Wet,Rock,3,220,1986
71889fd401c5bdec89e65cae46c508e2,Thunder,Boys Like Girls,Boys Like Girls,Emo,1,242,2006
9e964b14747ec91248cbb07059933405,Girls & Boys,Good Charlotte,The Young and the Hopeless,Pop/Rock,2,186,2002
838e7be6e5159949c89d9515d4cc3788,Aliens Exist,Blink-182,Enema of the State,Punk,2,196,1999
04b95b6d7a11b1073add54c3095afb6b,Summer of '69,Bryan Adams,Reckless,Rock,0,234,1984
d98f73a12947cbd40c13e01d01340008,Breakout,Foo Fighters,There Is Nothing Left to Lose,Alternative,2,206,1999
f71c9ae01334a7f2f8980430d2a32705,Kung Fu Fighting,Carl Douglas,Kung Fu Fighting,Pop/Rock,5,198,1974
6bb95539532b80406ffbe288d6fb7d10,Accidentally in Love,Counting Crows,Shrek 2: Motion Picture Soundtrack,Rock,2,194,2004
92f0b4beed7aeafec7b9d320453efabb,Crocodile Rock,Elton John,Don't Shoot Me I'm Only the Piano Player,Classic Rock,2,222,1973
bdfd5e8c157fbe4674dde043019a9906,Song 2,Blur,Blur,Alternative,1,124,1997
f89cce64847c6e7030e7b631f287d024,Real Wild Child,Everlife,Everlife,Pop/Rock,5,198,2007
b4c7e78b6b8498ba568f3cd5f94aaf30,Hit Me With Your Best Shot,Pat Benatar,Crimes of Passion,Classic Rock,3,176,1980
eecb6f3a8ec467edfaa8a159d0d99dea,Last of the American Girls,Green Day,21st Century Breakdown,Punk Rock,1,234,2009
eecb6f3a8ec467edfaa8a159d0d99dea,Last of the American Girls,Green Day,21st Century Breakdown,Punk Rock,1,234,2009
f3dac56a789c79b92f9542b20dc54349,Joker & the Thief,Wolfmother,Wolfmother,Rock,5,285,2005
4e7078cc003a0fc8ce688f220ed66072,Dreamin',Weezer,Weezer (The Red Album),Alternative,1,311,2008
0abe15c28979507044cb08eb7ee3f555,The Greatest Man That Ever Lived,Weezer,Weezer (The Red Album),Alternative,3,350,2008
ebf5c17bfe5b3536a5e7504dfd69d072,Date with the Night,Yeah Yeah Yeahs,Fever to Tell,Rock,3,157,2003
020688f68d737a9d9a0a215e3c46573f,El Scorcho,Weezer,Pinkerton,Alternative,0,246,1996
836b17cb6ef476a4ecabb3a0f50c557c,Troublemaker,Weezer,Weezer (The Red Album),Alternative,1,167,2008
68478eb20f2988fce1055e5ae5591788,Promised Land,Vesuvius,The Rocker: Music from the Motion Picture,Rock,3,221,2008
a31d451de7c9083e74d92750221aad3a,Buddy Holly,Weezer,Weezer (The Blue Album),Alternative,1,162,1994
88e5d982e37e9cf6e7e670642944a145,Who's Going Home with You Tonight?,Trapt,Only Through the Pain,Nu Metal,2,212,2008
0bfabaaf6d2c05476d688dc7086c2ace,Young Man Blues (Live at Leeds),The Who,Live at Leeds,Classic Rock,5,306,1970
2183b3afe9860b9ad97c5ba616381b5d,Who Are You,The Who,Who Are You,Classic Rock,2,309,1970
bb2819ee0549674074d3c062438fd156,Monsoon,Tokio Hotel,Scream,Glam,1,243,2007
f8bae228d024473766be67406b197747,Yomp,thenewno2,You Are Here,Pop Rock,2,211,2008
c8a2f3401a6ba68ebac3d47761dc55b9,Sea and Sand,The Who,Quadrophenia,Classic Rock,3,315,1973
7dc8d69c950cbf3e316872d367c60fb1,Eminence Front,The Who,It's Hard,Classic Rock,3,342,1982
a1ff51d0d7126a803c3b85ced6abc3ce,Real Good Looking Boy,The Who,Then and Now,Classic Rock,2,343,2004
9d93551380d5500c44eddbc94b3bd53c,Bullets & Guns,Them Terribles,"Rock, Paper, Terribles",Alternative,1,152,2007
2da8b56e7235250cd478d8d713e9925b,My Generation (Live at Leeds),The Who,Live at Leeds,Classic Rock,4,251,1970
eccf188177f05d9f2f352db67fd816f9,Summertime Blues (Live at Leeds),The Who,Live at Leeds,Classic Rock,2,205,1970
22b8ed509de92cdd6779bc8500d23712,Behind Blue Eyes,The Who,Who's Next,Classic Rock,3,224,1971
6dfcded9e56a3474c2126ef95368c616,Baba O'Riley,The Who,Who's Next,Classic Rock,2,310,1971
6d63a681d64aa0a9201342876638b4ef,Going Mobile,The Who,Who's Next,Classic Rock,4,225,1971
2b15f9d14809f84fc1f8173ea9062827,Leaving Here,The Who,My Generation (Deluxe Edition),Classic Rock,3,175,1965
2d6d51a002ed7e1bdf65df6ff2e434c5,Siva,The Smashing Pumpkins,Gish,Alternative,4,268,1991
eb658cadf369be86d1e44753f21928de,Song with a Mission,The Sounds (WaveGroup),Dying to Say This to You,Alternative,2,178,2006
1e0d95fe83078a6b0160b8d14a4ebf2b,Amazing Journey,The Who,Tommy,Classic Rock,0,213,1969
178b7f029666d2a0d616446fe929e867,Synchronicity II,The Police,Synchronicity,Pop/Rock,2,287,1983
a7cd969dcbf8e5715711d545e9811458,Brass in Pocket,The Pretenders (WaveGroup),Pretenders,Pop Rock,1,190,1980
82f59b21c8675b7713636c86bf6d09cb,Hammerhead,The Offspring,"Rise and Fall, Rage and Grace",Rock,4,281,2008
cab3aea9703a4e3a1ec9a0d629d34417,Message in a Bottle,The Police,Reggatta de Blanc,Rock,3,289,1979
b05daa37679d3dde9131cbf8fb252bb2,Red Tandy,The Mother Hips,Red Tandy,Rock,4,350,2005
9c5609989eabab8dde8a475b33e6103d,Zero,The Smashing Pumpkins,Mellon Collie and the Infinite Sadness,Alternative,4,162,1995
1aa29e3974ee89cf53c5030c46f67f8a,Truth Hits Everybody,The Police,Outlandos d'Amour,Rock,3,175,1978
4a77e6ed88de6a83fd54eafb603a7a41,Cherry Bomb,The Runaways (WaveGroup),The Runaways,Punk,2,141,1976
bee03068416153221a5490ed288748a1,A Clean Shot,The Myriad,"With Arrows, with Poise",Alternative,1,238,2007
7eddd2676013223d3565c1d2f780039c,Roxanne,The Police,Outlandos d'Amour,Pop/Rock,0,178,1978
fa716dd34999e6754d3dbb47f2b8ae67,My Sharona,The Knack (WaveGroup),Get the Knack,Pop Rock,5,300,1979
4a9897dd2855b17fa16caf4674c50dd1,Can't Stand Losing You,The Police,Outlandos d'Amour,Pop/Rock,0,180,1978
8acc4fa05efa9bc84fe80cc3c0805d0b,Last Train to Clarksville,The Monkees (WaveGroup),The Monkees,Pop Rock,4,185,1966
6ee81a2d035c0d2c9a065c8552475355,Moving to Seattle,The Material,Tomorrow,Alternative,3,204,2007
e79879584c46c712008bf106559c7f82,Time-Sick Son of a Grizzly Bear,The Mother Hips,Kiss the Crystal Flake,Rock,3,180,2007
79c3c08653037454a58799490d0d0e04,Shhh....,The Darkest of the Hillside Thickets,The Shadow Out of Tim (Unreleased Track),Rock,1,267,2008
0e1cc17f1340608f4bdee9171783dd44,D.O.A.,The Haunted,One Kill Wonder,Metal,5,250,2003
cc15352dea3c0c9f400b9a7a8a4feecf,Train in Vain (Stand by Me),The Clash,London Calling,Punk,0,198,1979
7ad0307fb15b2d703b5f384b2fb63e28,"Die, All Right!",The Hives,Veni Vidi Vicious,Punk,2,172,2000
8f364b46cafd6eea35e075f279d8abb9,You're All I've Got Tonight,The Cars,The Cars,New Wave,3,259,1978
6b4339c6e303d29e798ba60a506c1f84,Get Your Rock On,The Janitors,The American Mall Soundtrack to the Movie,Pop Rock,0,157,2008
c7e2c6a4167de5b838e9c107f4070324,Complete Control,The Clash,The Clash,Punk,4,197,1977
33e12e4e6954ded98955d5741d947074,Moving in Stereo,The Cars,The Cars,New Wave,1,311,1978
832f11c1dc4d614bdecfbcadfb833d7f,I Fought the Law,The Clash,The Clash,Punk,1,162,1977
5b23036502abf6b9237ee9a562ddadac,My Best Friend's Girl,The Cars,The Cars,New Wave,3,234,1978
3979923ced5899e8d000fb5ec728b8aa,Just What I Needed,The Cars,The Cars,New Wave,2,226,1978
2a029e90f8c3179232831178e5be9f6b,Good Times Roll,The Cars,The Cars,New Wave,1,230,1978
32d0265d660b889d6432bdab37fc447c,I'm in Touch with Your World,The Cars,The Cars,New Wave,2,214,1978
e89c90da8762d7d61378174b5dc2c6a9,All Mixed Up,The Cars,The Cars,New Wave,1,284,1978
6dd652102b23d843affbe22b4ca96878,Don't Cha Stop,The Cars,The Cars,New Wave,2,214,1978
dba2d756d27b68888fee829e0bdc4160,Bye Bye Love,The Cars,The Cars,New Wave,1,257,1978
07305b45b08556de7a58906003dfdcbe,Roam,The B-52's,Cosmic Thing,Pop Rock,3,309,1989
a7a2f9f9e4e1630d1144fec368405135,Electric Crown,Testament,The Ritual,Metal,5,332,1992
fb72dd94c939841784939d3ad2a58d8d,Hard to Handle,The Black Crowes (WaveGroup),Shake Your Money Maker,Rock,4,200,1990
3afe0d0461b1d81b9cad3df56d188e14,Bang a Gong,T. Rex (WaveGroup),Electric Warrior,Glam,3,275,1971
f5ef80388d2a5362ec101503ef8e7e3d,Move Along,The All-American Rejects,Move Along,Emo,1,228,2005
0c0be4e91070bd16870aabeb23554f96,Toxicity,System of a Down,Toxicity,Nu Metal,4,229,2002
c604bdcf962898eb14fc91103785e5e7,Dirty Little Secret,The All-American Rejects,Move Along,Emo,1,199,2005
46dd760eebccc58fb0e1b48a9d2035bc,B.Y.O.B.,System of a Down,Mezmerize,Nu Metal,5,261,2005
c1037ede47382fe0dfff3d0008faec91,Sex Type Thing,Stone Temple Pilots,Core,Alternative,3,220,1992
fb9cae29d57471448fda66fd56f4f100,Action,Sweet (WaveGroup),Give Us a Wink,Glam,5,202,1976
a62ae3ed57f8c9f5b1fa8ac074715b59,Interstate Love Song,Stone Temple Pilots,Purple,Rock,1,197,1994
9dad431ab432cb815ef12d1714c4a56d,This Is It,Staind,The Illusion of Progress,Nu-Metal,3,228,2008
08eb67c9b2acd10b6ebedab7a204c027,Kool Thing,Sonic Youth,Goo,Alternative,2,248,1990
fdc724f1705a4a2992f524b9a0629540,Working Man,Rush (WaveGroup),Rush,Progressive,5,437,1974
b9f45b3b3439183ff6d97f2577ddfbcb,Life is Beautiful,Sixx:A.M.,The Heroin Diaries,Rock,3,220,2007
0cc4979935995c4f99283c3f797b8e04,Snow ((Hey Oh)),Red Hot Chili Peppers,Stadium Arcadium,Rock,5,338,2006
6e6d4a339dfaa985f8849aec583a07e9,Working Man (Vault Edition),Rush,Rush,Progressive,4,436,1974
f2e76b26648368275d6252fb29d98004,Junkies for Fame,Shinedown,The Sound of Madness,Nu Metal,2,209,2008
fd85006160119353afc4c748d7e134b3,Devour,Shinedown,The Sound of Madness,Nu Metal,2,225,2008
54595ae44f7059e795a642ba327e0af1,My Iron Lung,Radiohead,The Bends,Alternative,2,281,1994
68ea134e78f3e1dbb75a39339196d70a,Limelight,Rush (WaveGroup),Moving Pictures,Progressive,2,264,1981
2fff604d32a3bbfa8d26c564e404b32e,Tell Me Baby,Red Hot Chili Peppers,Stadium Arcadium,Rock,3,248,2006
de0c97475126a819645e4865c919be2e,They Say,Scars on Broadway,Scars on Broadway,Rock,0,170,2008
59afef1c95373956eb5bf0cc3902bcb2,Beethoven's Cunt,Serj Tankian,Elect the Dead,Rock,3,198,2007
507c3129ab80a6d0de7bddcbf0fb2035,"Sick, Sick, Sick",Queens of the Stone Age,Era Vulgaris,Alternative,4,220,2007
7d85a54e5b777cbc7f9da9a55f52008c,Little Sister,Queens of the Stone Age,Lullabies to Paralyze,Alternative,4,176,2005
40a3528eccfbbb042bd9312a60024951,Closer to the Heart,Rush,A Farewell to Kings,Progressive,3,183,1977
ccf3e72450cecf1033e6711cf525dbfd,Rockaway Beach,Ramones,Rocket to Russia,Punk,1,127,1977
12859747ca6375810cd646bc1974cf36,No. 13 Baby,Pixies,Doolittle,Alternative,1,237,1989
f0857184be5d1afb380fbe8298a1842b,Teenage Lobotomy,Ramones,Rocket to Russia,Punk,3,126,1977
22f17c7c0177d86bfbb5894bd4bd2475,New Wave,Pleymo,Episode 2: Medicine Cake,Metal,3,219,2002
d0db295d192bdf343b9d034c40418da4,Monkey Gone to Heaven,Pixies,Doolittle,Alternative,1,180,1989
b594efbda5b7bdd19d29794bbc162f8c,3's & 7's,Queens of the Stone Age,Era Vulgaris,Alternative,3,217,2007
f16f6ded2bed57607defaea2c827cbae,Tame,Pixies,Doolittle,Alternative,1,119,1989
175d94bf48aa101ed186b32f7905fc37,Hey,Pixies,Doolittle,Alternative,1,214,1989
05dfceab87a1ee571cd396d325c7c0d7,Here Comes Your Man,Pixies,Doolittle,Alternative,1,209,1989
00bd97bdc5a42b1742bf194c48753681,There Goes My Gun,Pixies,Doolittle,Alternative,2,113,1989
0ca99fcac387c956dce4451d94fa8372,I Bleed,Pixies,Doolittle,Alternative,1,160,1989
5cfe01ce7014f3f88547d2d1e6dcabcc,La La Love You,Pixies,Doolittle,Alternative,1,168,1989
24685e98ce943a1b805284422766655b,Rock 'n' Roll Star,Oasis,Definitely Maybe,Rock,3,364,1994
5c43608e3e3c2590f697b723e366c3de,Silver,Pixies,Doolittle,Alternative,2,151,1989
6aaa19c59e83f5ac0aa0e5c9b4702cf1,Mr. Grieves,Pixies,Doolittle,Alternative,2,133,1989
42e811e635f27dda0b45b148f1b97f64,Live Forever,Oasis,Definitely Maybe,Rock,3,284,1994
29f8d30ea97c5b4bda1896a9d4dc5440,Debaser,Pixies,Doolittle,Alternative,3,175,1989
bbaa5a439d5b300e03cae2e23873083b,Gouge Away,Pixies,Doolittle,Alternative,1,169,1989
d2625d44faf21dac599c01e1ad7ac4be,Wonderwall,Oasis,(What's the Story) Morning Glory?,Rock,3,263,1995
762998a1491d7e68d3fcb9a6263c3c70,Don't Look Back in Anger,Oasis,(What's the Story) Morning Glory?,Rock,3,292,1995
2c4bb190d11b737b554e3ebb06091539,Dead,Pixies,Doolittle,Alternative,3,145,1989
732bb1552d29bd3a630c68cdbcbc4f17,Crushcrushcrush,Paramore,Riot!,Pop Rock,2,188,2007
ba161d5063fef6286c8d9a5f79860929,Last,Nine Inch Nails,Broken,Rock,2,291,1992
8dab84e9ab43b4645a3f485a92cee747,...And Justice for All,Metallica,...And Justice for All,Metal,5,590,1988
c0291e1a28a391fd19b1379a1c396a43,Time Is Running Out,Papa Roach,The Paramour Sessions,Alternative,0,207,2006
060a82594e6f1e5eb3d17eb74399ac4e,The Perfect Drug,Nine Inch Nails,Lost Highway (Soundtrack),Rock,4,320,1997
442ca936c1ff6bb303cf3db8c9508210,Crackity Jones,Pixies,Doolittle,Alternative,3,87,1989
a33c2c97b7c5d71a6ec1fa998d73c76d,Burn,Nine Inch Nails,Natural Born Killers (Soundtrack),Rock,2,304,1994
b1ddafa494e25736706b022d27bf388c,The Collector,Nine Inch Nails,With Teeth,Rock,2,190,2005
4e44a46e8fc363afa064f0fcce10b3b5,Ride the Lightning,Metallica,Ride the Lightning,Metal,6,401,1984
d961a063c2b46850b727e7e3f76ca75e,March of the Pigs,Nine Inch Nails,The Downward Spiral,Rock,4,182,1994
b0ce16979226f327380fcf2ebf8286bd,Capital G,Nine Inch Nails,Year Zero,Rock,1,234,2007
6f94f99ddb20e8a7416af19831bb9bbe,Sleepwalker,Megadeth,United Abominations,Metal,6,362,2007
79da1ae7f17f5c18bff0907ea24ccada,Aesthetics of Hate,Machine Head,The Blackening,Metal,5,359,2007
0e282d24ea9255b0ec722ef819186304,Blackened,Metallica,...And Justice for All,Metal,6,400,1988
692a7203525aeccf78a7cff5ac19c904,Saints of Los Angeles,Mötley Crüe,Saints of Los Angeles,Metal,4,206,2008
fbeaa9622861751e529df43f14d7d599,Simple Man,Lynyrd Skynyrd,(pronounced 'leh-'nérd 'skin-'nérd),Southern Rock,1,389,1973
7118b86d5d2054a46745f5f9a897de56,Face Down in the Dirt,Mötley Crüe,Saints of Los Angeles,Rock,1,228,2008
cfa463b3275ecc2ae3bdab3215836cf1,Livin' at the Corner of Dude & Catastrophe,MC Frontalot feat. Brad Sucks,Secrets from the Future,Other,1,226,2007
d9250d25278237b31eb41e0fe128bcad,Down at the Whisky,Mötley Crüe,Saints of Los Angeles,Metal,3,238,2008
2694374556538cc5368ff0d00ff6391f,Hysteria,Muse,Absolution,Alternative,5,231,2003
9c48d83f7f473a41553d86662eeda902,Gimme Three Steps,Lynyrd Skynyrd,(pronounced 'leh-'nérd 'skin-'nérd),Southern Rock,4,285,1973
9928dbac3a38a3c0896fbf0fe7075277,Girls Who Play Guitars,Maxïmo Park,Our Earthly Pleasures,Pop Rock,3,190,2007
77249427a961767e39179261cf92c25b,You've Got Another Thing Comin',Judas Priest,Screaming for Vengeance,Metal,1,303,1982
8f151954811139b508a350eb62aaf3e3,She Does,Locksley,Don't Make Me Wait,Pop Rock,3,114,2007
2f80ba9092e3d8f62fe007288e7545f5,All Over Again,Locksley,Don't Make Me Wait,Pop Rock,3,209,2007
2ec41ad2988ff6d98271a1c6cab9b600,Don't Make Me Wait,Locksley,Don't Make Me Wait,Pop Rock,3,159,2007
2ce52e846860740a797c075d6657e61f,Screaming for Vengeance,Judas Priest,Screaming for Vengeance,Metal,5,290,1982
3be0ee7b0b21585df1b0c75bbd56e90c,The Hellion/Electric Eye,Judas Priest,Screaming for Vengeance,Metal,5,265,1982
6e03d17f632a73861859221686eed4ac,My Curse,Killswitch Engage,As Daylight Dies,Metal,4,252,2006
82a999c4f1b9da8f09ab445573f40652,Calling Dr. Love,KISS,Rock and Roll Over,Classic Rock,3,212,1976
7fcc312c98f66a3666cccf38d4874cd7,Perfekte Welle,Juli,Es ist Juli,Rock,3,196,2004
9e9338a5ae088b3481a3969cd863e439,Manu Chao,Les Wampas,"Never Trust a Guy Who After Having Been a Punk, Is Now Playing Electro",Punk,1,172,2003
720450933eb4f671f8197f1c5a263f9c,Fever,Judas Priest,Screaming for Vengeance,Metal,4,325,1982
7c6973973e066bdf63d21fd97194a038,Pain and Pleasure,Judas Priest,Screaming for Vengeance,Metal,3,259,1982
dd501764f088cf0ef11dc83b075cd2cd,Devil's Child,Judas Priest,Screaming for Vengeance,Metal,3,289,1982
9e5f3906993b35646557c538e2ddd98c,Riding on the Wind,Judas Priest,Screaming for Vengeance,Metal,5,193,1982
71d313d0cc1fb752d75ce7054d83fad7,Margaritaville,Jimmy Buffett,"Changes in Latitudes, Changes in Attitudes",Rock,1,259,1977
0867158b99ad5f2fa320bace9c0bfc8c,Skullcrusher Mountain,Jonathan Coulton,Where Tradition Meets Tomorrow,Pop Rock,3,259,2004
ac400b880e5f8e2be0105754cc73fa97,Bloodstone,Judas Priest,Screaming for Vengeance,Metal,5,235,1982
a4208ee96e4d99a02ec148ff8043a1c7,Volcano,Jimmy Buffett,Volcano,Rock,3,210,1979
012cc80bcbaaa51f09039d4f39d6c3b1,(Take These) Chains,Judas Priest,Screaming for Vengeance,Metal,4,211,1982
9aa7a1fbc423f9c1aaa47778db83c6f6,Truckin',Grateful Dead,American Beauty,Classic Rock,4,305,1970
f132433fad2fc5d5017f2d344c0d2224,Cheeseburger in Paradise,Jimmy Buffett,Son of a Son of a Sailor,Rock,1,185,1978
08f5c94f558fd7dfd476ef1cc7f4f0c2,The Number of the Beast,Iron Maiden (WaveGroup),The Number of the Beast,Metal,6,270,1982
bfa4bdacce0d17bec2b705ba60be910c,Countdown to Insanity,H-Blockx,Open Letter to a Friend,Rock,2,234,2007
a98f8ce4f5a1e7032308c14ac316edcf,Franklin's Tower,Grateful Dead,Blues for Allah,Classic Rock,4,288,1975
8cc4c3160e7be3d4eed385687d095cf9,I Need a Miracle,Grateful Dead,Shakedown Street,Classic Rock,4,251,1978
7d9907a211c1195cf1cecd18a3c96717,Sugar Magnolia,Grateful Dead,American Beauty,Classic Rock,4,213,1970
21916008e7905d42ecb2d4b5306c4d01,Casey Jones,Grateful Dead,Workingman's Dead,Classic Rock,4,269,1970
5a97d13307490dc4a09c2137b5c8cafd,Why Do You Love Me?,Garbage,Bleed Like Me,Pop Rock,3,237,2005
70d0d563297b346a0502219eba6e21fe,Rio,Duran Duran,Rio,Pop Rock,3,326,1982
8d69123e31b07ce2889af171ba448696,China Cat Sunflower,Grateful Dead,Aoxomoxoa,Classic Rock,4,229,1969
c1ed3fc36c1998cbf299faddfe5b0239,Constant Motion,Dream Theater,Systematic Chaos,Prog,5,421,2007
37f395886916537ff3f973ae158e3e74,Juke Box Hero,Foreigner (WaveGroup),4,Classic Rock,2,268,1981
e250a5bac03c31c8b70457e555b57d84,Still Alive,GLaDOS,Portal,Pop Rock,2,180,2007
b0b640960bb1e95d068222f2e1751117,We Care a Lot,Faith No More,Introduce Yourself,Rock,2,247,1987
f436b91519f1d9d3372b6439c677ece3,"This Ain't a Scene, It's an Arms Race",Fall Out Boy,Infinity on High,Pop Rock,3,214,2007
f66545a4d42d2b6797afa9b25a3c29f5,Super Sprøde,Freezepop,Hi-Five My Remix,Pop Rock,2,200,2003
8dfbf7d0ff12fb9d719eecc1c2e84714,Heroes,David Bowie (WaveGroup),Heroes,Glam,2,379,1977
44b6ea850fac96701ee509ac93440f7b,Thrasher,Evile,Enter the Grave,Metal,6,191,2007
50f03314990ba294619f47d22a7b3bd4,Girls on Film,Duran Duran,Duran Duran,Pop Rock,1,214,1981
02f286b363369029e485ad41b7127076,Perfect Insanity,Disturbed,Indestructible,Nu Metal,5,235,2008
5d360ca90052aaf26c75e6ff4580ed3a,Indestructible,Disturbed,Indestructible,Nu Metal,4,278,2008
10ad3b67f9967c834dc29c7407f993fb,Inside the Fire,Disturbed,Indestructible,Nu Metal,4,230,2008
f24eb2c7c4bdb7fdf1c0a903a1b98d9d,Hier Kommt Alex,Die Toten Hosen,Ein kleines bisschen Horrorschau,Punk,4,240,1988
75725c470b177f7bccfb08c743f714cc,Through Being Cool,Devo,New Traditionalists,New Wave,0,201,2007
99ae299783cea9644127c9ba89218d59,Clouds Over California,DevilDriver,The Last Kind Words,Metal,5,256,2007
0e4ec117a2f430c050d2ccb2a9d5cfac,Moonage Daydream,David Bowie,The Rise and Fall of Ziggy Stardust and the Spiders from Mars,Glam,2,286,1972
3184bc90a66fa778fdf9d618a5fd011c,Girl U Want,Devo,Freedom of Choice,New Wave,0,178,2007
3eb71bf76a7a4820a672de7732c1a194,Shake,Count Zero,Never Be Yourself,Rock,2,281,2008
5ab7001c60e47199b90b89cdfba08b78,Queen Bitch,David Bowie (WaveGroup),Hunky Dory,Glam,2,192,1971
b7b1a61c530f48adfe01abb2feb86525,Rock 'n' Roll Dream,Crooked X,Crooked X,Rock,3,205,2009
1f705f13685e5531f2c54447ed7e4bcd,War Pigs,Black Sabbath (WaveGroup),Paranoid,Metal,3,482,1970
2c5df2ba966a5c01fdb39a07bf697c45,Peace of Mind,Boston,Boston,Classic Rock,3,332,1976
04d0a30c6e4a5f2d3a22c90ffa4f27db,Ten Speed (Of God's Blood & Burial),Coheed and Cambria (WaveGroup),"Good Apollo, I'm Burning Star IV, Volume One: From Fear Through the Eyes of Madness",Progressive,5,232,2005
417faf6ff771e8c3dd674b332897e68f,Fortunate Son,Creedence Clearwater Revival (WaveGroup),Willy and the Poor Boys,Southern Rock,2,145,1969
37bf72279dc754e4955d3aa368f46020,More Than a Feeling,Boston,Boston,Classic Rock,3,308,1976
6514601fc04c1747ec93ed2a64971d3c,Smokin',Boston,Boston,Classic Rock,5,265,1976
eabc5336e9545d678bae5118522113c8,Something About You,Boston,Boston,Classic Rock,3,238,1976
4fbec462b2889977bb477466275501dc,Beetlebum,Blur (WaveGroup),Blur,Alternative,0,309,1997
249321167f25ad853f52a3dc032ae8bb,Ever Fallen in Love,Buzzcocks (WaveGroup),Singles Going Steady,Punk,2,163,1978
c887e6f7df3637ddc34a43e626bbf365,Rescue Me,Buckcherry,Black Butterfly,Rock,2,193,2008
6c8bf6dedf29b4dcd2f2472c747abb10,Hitch a Ride,Boston,Boston,Classic Rock,4,253,1976
fbcbe6beb88c900c0ebcbbfa6d531486,Rock & Roll Band,Boston,Boston,Classic Rock,3,182,1976
580bd2d9d57f510ad267a3daae60e7e7,Call Me,Blondie,American Gigolo,Pop Rock,1,223,1980
e8954d27067ed891e355e0bd42164c2a,Hanging on the Telephone,Blondie,Parallel Lines,Pop Rock,3,143,1978
885477de9fa1eb238af986a1f64ad77c,Shockwave,Black Tide,Light from Above,Metal,5,218,2008
50306bc38d0f985e138043de47c12588,All the Small Things,Blink-182,Enema of the State,Punk,1,175,1999
d1c070e23d0daeae418b14be00c04d81,Afterlife,Avenged Sevenfold,Avenged Sevenfold,Metal,5,350,2007
0f9403fcac8c1e33838a5b823ed62843,Rock Rebellion,Bang Camaro,Bang Camaro,Rock,6,291,2007
76ceafa96b2dab077297f87200993615,Critical Acclaim,Avenged Sevenfold,Avenged Sevenfold,Metal,4,315,2007
5f303ade7572e5253bd136ce169e6205,N.I.B.,Black Sabbath (WaveGroup),We Sold Our Soul for Rock 'n' Roll,Metal,3,326,1970
3eb45da52aed68064b344c31fbab77e2,Sweet Leaf,Black Sabbath (WaveGroup),Master of Reality,Metal,4,303,1971
a07bd9b5152fbc5867b356088753ac91,It Hurts,Angels & Airwaves,We Don't Need to Whisper,Alternative,3,256,2006
410ff161ab3a4ce3f861c1055b62d78c,Runnin' Wild,Airbourne,Runnin' Wild,Rock,1,220,2007
d80e3497064341e3eecb120624bf9984,The Kill,30 Seconds to Mars,A Beautiful Lie,Emo,1,247,2005
c276e41fbd560af92ff7de3c1ccb34fc,Chiron,All That Remains,Overcome,Metal,5,266,2008
ab481f5ec85df8dd7fdfff94a25711b6,Two Weeks,All That Remains,Overcome,Metal,5,264,2008
b1f53f2945fd5778031d09f7d273b939,This Calling,All That Remains,The Fall of Ideals,Metal,5,218,2006
386bee0acf73262d3e6ee5cd5145dc4b,Blinded by Fear,At the Gates,Slaughter of the Soul,Metal,5,168,1995
df06c413a7a33c123d15bfac623382f7,Attack,30 Seconds to Mars,A Beautiful Lie,Emo,1,189,2005
df8a495fbf7c5cae1f3939f8ca7cac8d,The Heist,DnA's Evolution,One Small Step,Rock,3,250,2009
7ec4daa1fe38eae43ab5b3e8d840f04c,Canary,Coalmine,Unknown Album,Rock,0,31,2009
ffa21ff41b7b077ea2c828d1a02d85bb,Starship Trooper,Yes,The Yes Album,Prog,6,592,1971
74323f4950ab41b41de02f38e8eb6b85,Heart of the Sunrise,Yes,Fragile,Prog,5,640,1971
0ca553df73345e09a734436543183552,I've Seen All Good People,Yes,The Yes Album,Prog,4,428,1971
df705312c99304b6317e0b0563f00d56,South Side of the Sky,Yes,Fragile,Prog,5,459,1971
dfc5ffc42f4a65d139cf9f90ef046cd9,Still of the Night,Whitesnake,Whitesnake,Metal,5,402,1987
986832cdd205585a5e2b4f0822d28d32,My Body,Young the Giant,Young the Giant,Indie Rock,3,248,2010
0b90defce6bbf930be362852fdf68d9a,Nur ein Wort,Wir sind Helden,Von hier an blind,Pop-Rock,4,237,2005
e9096b98f00f7896ccc9348c1c783087,Owner of a Lonely Heart,Yes,90125,Prog,3,279,1983
b296a4bd3e32cf8efa84dc9c7f0b3cce,Only One,Yellowcard,Ocean Avenue,Emo,3,260,2003
916cae8c78144be862118e797183e464,Thunder Kiss '65,White Zombie,"La Sexorcisto: Devil Music, Vol. 1",Metal,4,235,1992
f988d2d57d3e9efd8a22b1fa91749aa7,Perfect Situation,Weezer,Make Believe,Alternative,3,260,2005
8279eea534fa8af60c2babfc77f727e8,Spill the Wine,WAR,"Eric Burdon Declares ""War""",Classic Rock,1,290,1970
efa9e4c0c0a17ed34f5811c06a535077,Super-Charger Heaven,White Zombie,Astro-Creep:2000,Metal,5,211,1995
9790c7c6931a11e2040d557735c3c03b,Island in the Sun,Weezer,Weezer (The Green Album),Pop-Rock,2,201,2001
2fd063f2c08f269a851b7944f67df87e,A Warrior's Call,Volbeat,Beyond Hell/Above Heaven,Metal,3,261,2010
0707156b3994ac90ab90fc0a81c22172,Starting to Appreciate,Tutankamon,Tutankamon,Indie Rock,5,266,2009
cc9ae8667fb749d4c9c00a2c385d9255,In Waves,Trivium,In Waves,Metal,4,302,2011
9450208fad62016fdb60b8eb6f2deaf8,Ride (RB3 version),Trace Adkins,Dangerous Man,Country,4,230,2006
e1b689aca3b9b11ace594402e9457e52,Rosanna,Toto,Toto IV,Pop-Rock,5,348,1982
d4136924cd1a800aa9f9d4ee342b259c,Drops of Jupiter,Train,Drops of Jupiter,Pop Rock,2,264,2001
81b908da70ade4cfe613667ffe663730,Hash Pipe,Weezer,Weezer (The Green Album),Alternative,3,173,2001
717cca93df6e3abb3eb08f394e835474,Ride,Trace Adkins,Dangerous Man,Country,4,230,2006
e34afea29637fa7fcabf0f24a153a185,Back to the Shack,Weezer,Everything Will Be Alright in the End,Alternative,3,188,2014
b004dee2b038803ff04e9081201d1f40,Billionaire,Travie McCoy (ft. Bruno Mars),Lazarus,Hip-Hop/Rap,1,216,2010
47ff65b62049da9bb3f8f6498ddf4936,867-5309/Jenny,Tommy Tutone,Tutone-Ality,Rock,3,228,1981
396a5932c5b12566c7a964a691f82379,Possum Kingdom,Toadies,Rubberneck,Grunge,3,302,1994
c58270fc52dcd21c506311e85cca6190,Tyler,Toadies,Rubberneck,Grunge,3,256,1994
9627681cc987b685604cb4f848c0faf8,Away,Toadies,Rubberneck,Grunge,3,276,1994
9412c96b745192fbe5915970fc265640,So Lonely,The Police,Outlandos d'Amour,Pop/Rock,4,297,1978
a911cbf12cf0d28edaf8e01b75df0f0b,Pain,Three Days Grace,One-X,Rock,2,204,2006
2bc888cd572fd0c66b938479d8a620ce,Turning Japanese,The Vapors,New Clear Days,Punk,4,225,1980
82de9ba00f3b98a15d3619ab1519bac1,Every Breath You Take,The Police,Synchronicity,Pop/Rock,3,255,1983
b77f2c674488219662a423e412282e59,The Good Life,Three Days Grace,Life Starts Now,Rock,3,173,2009
628395003c4ad9c95ac06edb06f113d6,Animal I Have Become,Three Days Grace,One-X,Rock,1,233,2006
6241783b64698f0e30688faf4ea09f24,Under Cover of Darkness,The Strokes,Angles,Rock,3,239,2011
22913af9a04f6856643d91e4733fcd68,I Hate Everything About You,Three Days Grace,Three Days Grace,Rock,2,232,2003
dd3ef6bcdccc1880b1aa1ee9343e3a20,Long Hot Summer Night,The Jimi Hendrix Experience,Electric Ladyland,Classic Rock,5,211,1968
1e409f21597634153be1284d956e34e1,Days Go By,The Offspring,Days Go By,Rock,2,248,2012
1faaf2541a511e3329364b4e33f37bf8,Don't You Want Me,The Human League,Dare,Pop/Dance/Electronic,2,223,1981
5274094b7c2005e55c8e9265e4bc9e06,Gypsy Eyes,The Jimi Hendrix Experience,Electric Ladyland,Classic Rock,5,226,1968
fa9d35d1c5bedfda73b965e0a81932a2,Freeze-Frame,The J. Geils Band,Freeze-Frame,Rock,1,233,1981
c75ce9cba47854d7f449cc088e3c1f66,All Along the Watchtower,The Jimi Hendrix Experience,Electric Ladyland,Classic Rock,4,249,1968
924733570ba9613cbf350d2a569ec905,Riders on the Storm,The Doors,L.A. Woman,Psychedelic Rock,2,404,1971
8cf3efa4641d323a0d229fa22da08cd8,Frankenstein,The Edgar Winter Group,They Only Come Out at Night,Classic Rock,3,286,1972
82c6323ae17ceaeeb51d704026f3f4d0,L.A. Woman,The Doors,L.A. Woman,Psychedelic Rock,4,448,1971
e8d12f2aaa4e986d84622b7402fd1bc9,Got You (Where I Want You),The Flys,Holiday Man,Alternative,2,247,1998
f25a8a74946d7afbc1a9ef1a188a3331,Free Ride,The Edgar Winter Group,They Only Come Out at Night,Classic Rock,4,204,1972
748e720bfeac14dcad5089c5ac9e0ae5,Roadhouse Blues,The Doors,Morrison Hotel,Psychedelic Rock,3,249,1970
94b67132ffc05ed9bdd2e8a2a3024508,Touch Me,The Doors,The Soft Parade,Psychedelic Rock,3,194,1969
7d632427b977da40145916ce14312275,Light My Fire,The Doors,The Doors,Psychedelic Rock,4,414,1967
645c7b90a020e1c7b7d52263bf9dc7d9,Soul Kitchen,The Doors,L.A. Woman,Psychedelic Rock,2,215,1971
cb281c2ad960b5f8737140af3f45cf45,The Crystal Ship,The Doors,The Doors,Psychedelic Rock,1,154,1967
6dbec2d65eccde17055ac6c6e40ac13a,Love Her Madly,The Doors,L.A. Woman,Psychedelic Rock,3,197,1971
000bf6d2fcfa3e68352429f5680e34b5,Peace Frog,The Doors,Morrison Hotel,Psychedelic Rock,4,181,1970
7db8a436debbcb930c91362bb5c37311,Love Me Two Times,The Doors,Strange Days,Psychedelic Rock,4,197,1967
c3e327fab0f21f47009def63f8af0355,People Are Strange,The Doors,Strange Days,Psychedelic Rock,2,134,1967
b47413b08a983668ffefe01c5b45efbb,Revolution Rock,The Clash,London Calling,Punk,4,338,1979
38582db383ffe26c0ed6b4c3c5c5630a,Rudie Can't Fail,The Clash,London Calling,Punk,3,228,1979
8ff29b15991f1f7c71d9b0399d13060e,Wrong 'Em Boyo,The Clash,London Calling,Punk,2,195,1979
7d6caf468cf19aef3f323ea5f49fc5a0,The Right Profile,The Clash,London Calling,Punk,3,237,1979
4dc9e23cd90836f666caa1769b6b3822,Spanish Bombs,The Clash,London Calling,Punk,3,202,1979
093d837a2e18bd6d34890df621643893,Rock the Casbah,The Clash,Combat Rock,Punk,2,230,1982
6b01b3c25a19c17450b97b44ab937a22,The Card Cheat,The Clash,London Calling,Punk,1,231,1979
0e05d108e0c25ccc3e0e759c92588150,I Believe in a Thing Called Love,The Darkness,Permission to Land,Glam,4,218,2003
7c9b5064b04a98cd463e769abd387bbc,"Hello, I Love You",The Doors,Waiting for the Sun,Classic Rock,1,150,1968
b8af830920a47c2ab635241f490da719,The Guns of Brixton,The Clash,London Calling,Punk,3,194,1979
f49f7d646dbd909be49f293f6846eeee,Lover's Rock,The Clash,London Calling,Punk,4,247,1979
91ff76e5c17e53f37e3b28f30624d14e,Jimmy Jazz,The Clash,London Calling,Punk,3,237,1979
283c417a5566cc0b2e210d044e588a5b,Lost in the Supermarket,The Clash,London Calling,Punk,2,231,1979
a6b705428fb8f867a13324e4413d106d,I'm Not Down,The Clash,London Calling,Punk,3,191,1979
9f1329425b225e41056ed5dd69eaf2f9,London Calling,The Clash,London Calling,Punk,2,202,1979
099245eb8136a855fefe3f4113e1bf14,Hateful,The Clash,London Calling,Punk,3,168,1979
836ebd4bc0711346a27141c7be7a284f,Clampdown,The Clash,London Calling,Punk,3,226,1979
7939537cae32f1de93439b8dd0143c9a,Death or Glory,The Clash,London Calling,Punk,3,238,1979
0feb2991ec5025a53929fbd9bbd0812a,Koka Kola,The Clash,London Calling,Punk,2,108,1979
bce88b9e975b1eec114c1ea68c09daf3,Four Horsemen,The Clash,London Calling,Punk,2,178,1979
4ecba6c3e8dd2cec2ab9aa84e163a89a,She Talks to Angels,The Black Crowes,Shake Your Money Maker,Rock,3,332,1990
ef4537e75fa2c9fce671b6befb292dda,Remedy,The Black Crowes,The Southern Harmony and Musical Companion,Rock,4,319,1992
6762613aba2eb27432fb4c7b4d9056da,Lonely Boy,The Black Keys,El Camino,Rock,2,192,2011
051dd0422813f50a95971b5653e6ca78,Tighten Up,The Black Keys,Brothers,Rock,1,213,2010
242636b7c6c7e4145f52d3ba32fe06c2,Sometimes Salvation,The Black Crowes,The Southern Harmony and Musical Companion,Rock,3,283,1992
6a7358fe5555806d8e4141c8a18668b1,Brand New Cadillac,The Clash,London Calling,Punk,3,133,1979
9166762ba570a89f817908f814284ab2,Howlin' for You,The Black Keys,Brothers,Rock,2,194,2010
bf9470ecd50c32a1c5e9728fc9dfaa98,Tragedy,The Bee Gees,Spirits Having Flown,Disco/Pop,2,307,1979
d2d1c62cf46ff50b84a577dfb2b9e3c6,You Should Be Dancing,The Bee Gees,Children of the World,Disco/Pop,4,274,1976
1cb7fb55cc0612c5c686b47b150995d9,Love Shack,The B-52's,Cosmic Thing,Pop-Rock,3,323,1989
25f8ca82d7d6600e363bbf7cc31de0a3,Stayin' Alive,The Bee Gees,Saturday Night Fever: OST,Disco/Pop,2,290,1977
4251cc060e9af3eb50776c7d5cfb27d0,The Weight (Live),The Band,Rock of Ages,Classic Rock,3,310,1972
ea1425e06b2dab466d3f8172c7d22580,Nights on Broadway,The Bee Gees,Main Course,Disco/Pop,2,280,1975
ffec5d4f130ed840fcc991a532c45082,Jessica,The Allman Brothers Band,Brothers and Sisters,Southern Rock,5,426,1973
a4e606e8a4a8b0a03e5ddfa450992f27,Gonzo,The All-American Rejects,Kids in the Street,Emo,1,304,2012
4123b14c56df8c3fd4d24908914c5aa7,Jive Talkin',The Bee Gees,Main Course,Disco/Pop,2,230,1975
f812a69355216684c974772de8df8048,Night Fever,The Bee Gees,Saturday Night Fever: OST,Disco/Pop,1,232,1977
8c147242fa5973b07073ccfee500c88c,Rize of the Fenix,Tenacious D,Rize of the Fenix,Rock,4,357,2012
1064db43644e265fd802b3d9f8dfa6f7,Head Over Heels,Tears for Fears,Songs from the Big Chair,New Wave,2,259,1985
aa9bcfb7e5d07e0cadfcb150edb1e676,Burning Down the House,Talking Heads,Speaking in Tongues,New Wave,2,260,1983
cce203743bba26bafd45981a64f811f7,Aerials,System of a Down,Toxicity,Nu Metal,3,231,2001
ce305e34d7f3742b234fd87d46c36b6d,Settlin' (RB3 version),Sugarland,Enjoy the Ride,Country,2,204,2006
a2ec6c28775bd32553186447475bdfdf,Hypnotize,System of a Down,Hypnotize,Nu Metal,3,195,2005
d0d21418c6fcbc104298b3630caa7db3,Settlin',Sugarland,Enjoy the Ride,Country,2,204,2006
0fd5e6ff0e8249ba0d3c57d21b56beb3,Still Waiting,Sum 41,Does This Look Infected?,Punk,4,161,2002
151767993d47246eed24822bf77d7c85,Fat Lip,Sum 41,"All Killer, No Filler",Punk,3,183,2001
accba9f4e0ff6c870015e46cbd8f2b63,Through Glass,Stone Sour,Come What(ever) May,Metal,3,284,2006
6126395edf142bedbfc6ba663f36faba,Panic,Sublime with Rome,Yours Truly,Reggae/Ska,4,143,2011
ea43ba1c279f0daec5d86b8ce19c6d2a,Say You'll Haunt Me,Stone Sour,Audio Secrecy,Metal,3,288,2010
bb7bab46a4384f90dcd1bb59a1b6d8e8,What I Got,Sublime,Sublime,Alternative,3,171,1996
d8eddecbadfa4248fb0b68bcfa7ed82d,Wrong Way,Sublime,Sublime,Alternative,3,140,1996
